degree,coefficients
3,[ 0.17371054 -3.37934446 11.17741207 -0.99308372]
